ID,OldSlug,NewSlug
695641a01fa41062d4d777a9,,this-is-a-test-dream-to
69564ab64b5548b27e44df91,,انا-حلمت-اني-ماحنيه-بحنا-جميل
695651801aca20ad5975c41e,,حلمت-انني-وجدت-كنزا
6956520d1aca20ad5975c428,,رايت-انني-اطير-فوق-الغيوم
6956530a1aca20ad5975c42e,,i-was-flying-over-a-green
695653911aca20ad5975c434,,i-was-flying-over-a-green-2
695658281aca20ad5975c468,,test-dream-about-flying
6956590c1aca20ad5975c470,,وتفسير-احلوا-الطحينيه-اني-اكلها
6957936394686123508f9039,,انا-حلمت-طلعت-الاصدوح-وشفت-اسماء
6957937994686123508f903b,,انا-حلمت-طلعت-الاصدوح-وشفت-اسماء-2
6957953394686123508f9050,,انا-حلمت-طلعت-الاصدوح-وشفت-اسماء-3
69579d9094686123508f9076,,اخي-انا-حلمت-حلم-اني-كنت
6957e54619b67c92d27a1c82,,انا-حلمت-اني-ماحنيه-بحنا-جميل-2
695a44908d93a53c6ab28da2,,السلام-عليكم-انا-حلمت-كنت-درس
695a47428d93a53c6ab28da4,تفسير-حلم-تكريم-مصحف-علاقات-أسرية,تفسير-حلم-تكريمك-بمصحف-وتحاورك-مع
695a49008d93a53c6ab28daf,تفسير-حلم-خوف-حماية-دعم,تفسير-رؤيه-طفل-مخيف-المنام؟
695a50258d93a53c6ab28de1,,انا-متزوجه-ماعندي-اطفال-لي-تقريبن
695a51c78d93a53c6ab28df7,,انا-متزوجه-ماعندي-اطفال-لي-تقريبن-2
695a52c2da699a0fff8901ff,,انا-متزوجه-ماعندي-اطفال-لي-تقريبن-3
695b8bc46af909c5507546ff,,انا-متزوجه-ماعندي-اطفال-لي-تقريبن-4
695be556f69315226b6c6bf9,,ياشيخ-ترى-نفسك-تصعد-المصعد-وترا
695be57ff69315226b6c6bfb,,ياشيخ-ترى-نفسك-تصعد-المصعد-وترا-2
695bf2def69315226b6c6c7b,,حلمت-اني-اطير-فوق-الغيوم
695bf2fbf69315226b6c6c7d,,حلمت-اني-جهنم
69622324fcd2f66dcfdda599,تفسير-حلم-سباق-رالي-التنافس-النجاح,تفسير-حلم-سباق-الرالي-المنام؟
69622c5ffcd2f66dcfdda9db,تفسير-حلم-حلم-العزيمة-نساء-في-المنام-أوراق-صغيرة,تفسير-حلم-العزيمه-والنساء-المنام؟
69622e81fcd2f66dcfddaad7,,يا-شيخ-انا-حلمت-اني-فصل
6963d5584b76e4bb54b42a4f,,رؤى-اني-انظف-بيت-ثلاجه-واكل
6963dbdd0f853ad11b638f38,,مامعنى-قص-الشعر-للمراه-الامام-الحلم
6963dd9e0f853ad11b638f9f,,شلال-الماء-الحلم
6963de920f853ad11b638fb4,,حلم-الام-بالحليب-الصناعي-للطفل-غالبا
6963e1880f853ad11b639036,,يدل-ورد-الجوري-والفل-والكادي-الحلم؟
69652027af791565afee0d63,,المطارده-تشير-الغالب-للقلق-الزائد-عند
696b8b6095b24654f2f1b4f0,,حلمت-ب-اسد
696e173ec1a90a43b4d099f1,,السلام-عليكم-ورحمه-الله-وبركاته-رايت
696e5e8880b2930ab86b345e,تفسير-حلم-تفسير-حلم-البيت-المتهالك-التشوه-في-المنام-الحلم-بالقلق-الزوجي,تفسير-حلم-البيت-المتهالك-ورؤيه-التشوه
696f591580b2930ab86b356b,تفسير-حلم-تفسير-حلم-النمر-خوف-العزباء-الضغوط-النفسية,تفسير-حلم-النمر-ورؤيه-الخوف-للمتزوجه
6971fe1080b2930ab86b3800,تفسير-حلم-تفسير-حلم-الحوت-الجسر-في-المنام-صيد-الأسماك,تفسير-حلم-الحوت-ورؤيه-الجسر-للمتزوجه
6976553980b2930ab86b3c9b,تفسير-حلم-تفسير-حلم-الشاطئ-الحلم-بالبحر-الدلالة-النفسية-للأحلام,تفسير-حلم-المشي-حول-الشاطئ-والنوم
6976562580b2930ab86b3d59,تفسير-حلم-تفسير-حلم-الصيد-رؤية-الحوت-في-المنام-تفسير-رؤية-الجسر,تفسير-حلم-الصيد-البحر-ورؤيه-الحوت
6978dc8c80b2930ab86b3f92,تفسير-حلم-تفسير-حلم-المصعد-رؤية-النقود-في-المنام-القلق-المالي,تفسير-حلم-المصعد-ورؤيه-النقود-للمتزوجه
6979db16988b60a762ad7767,تفسير-حلم-تفسير-الحلم-رؤية-الصيد-الحوت-في-المنام,تفسير-حلم-الصيد-ورؤيه-الحوت-والغريب
6979dca7988b60a762ad7812,تفسير-حلم-تفسير-الحلم-حذاء-رجالي-المرأة-المتزوجة,تفسير-حلم-الحذاء-الرجالي-ورؤيه-الكبير
697ddfacba5744195834d22f,,حلمت-بشخص-يحبني-واحبه-جالس-بيتنا
6980a1ddba5744195834d471,تفسير-حلم-تفسير-حلم-دق-الباب-الباص-الأحمر-الباص-الأسود,تفسير-حلم-دق-الباب-ورؤيه-الباص
698b5672ba5744195834dc60,تفسير-حلم-تفسير-حلم-المقلاة-حلم-الزوج-السابق-الطلاق-والمشاعر,تفسير-حلم-المقلاه-ورؤيه-الزوج-للمتزوجه
698b5e84ba5744195834ddbc,تفسير-حلم-تفسير-حلم-الحج-حلم-الأضاحي-تفسير-الأحلام-للنساء,تفسير-حلم-الحج-ورؤيه-الاضاحي-للعزباء
698bd586ba5744195834dff6,,رايت-اني-ذهبت-لبيت-اهل-زوجي
698beab8ba5744195834e1c8,,حلمت-ولد-خالتي-لابس-ثوب-لونه
698ccf28ba5744195834e416,,حلمت-بقائل-يقول-لي-انت-بديعه
698cece9ba5744195834e44a,,رات-صديقتي-اني-ارضع-طفل-حجم
698defbbba5744195834e61b,,انا-استخرت-الله-الحمل-فتره-ودائما
69905a0aba5744195834e8bc,تفسير-حلم-تفسير-حلم-المبنى-حلم-الارتفاع-والخوف-دلالات-النافذة-في-المنام,تفسير-حلم-المبنى-المرتفع-والنجاه-السقوط
69905a58ba5744195834e8e0,تفسير-حلم-تفسير-حلم-الصلاة-الصلاة-في-المنام-فراق-الأحباء,تفسير-حلم-الصلاه-منزل-الاخت-وفراش
69905ac6ba5744195834e912,تفسير-حلم-حلم-قيادة-السيارة-السوداء-تفسير-حلم-رئيس-الحكومة-تفسير-أحلام-للعزباء,تفسير-حلم-قياده-السياره-السوداء-الجديده
69911d54e6be70cf72adc81c,,حلمت-رحنا-عمره-انا-واهلي-ومرينا